Feature Name,Subject1,Subject2,Subject3
MPT_Attempts_Baseline1_PointEstimate,0.316867331,0.316867331,0.316867331
MPT_LexicalSemantic_Baseline1_PointEstimate,0.756178068,0.756178068,0.756178068
MPT_LexicalPhonological_Baseline1_PointEstimate,0.94120117,0.94120117,0.94120117
MPT_LexicalSelection_Baseline1_PointEstimate,0.668188067,0.668188067,0.668188067
MPT_Phonological_Baseline1_PointEstimate,0.091841142,0.091841142,0.091841142
MPT_Semantic_Baseline1_PointEstimate,0.255603052,0.255603052,0.255603052
MPT_Attempts_Baseline1_PointEstimateVariance,0.029365974,0.029365974,0.029365974
MPT_LexicalSemantic_Baseline1_PointEstimateVariance,0.086449749,0.086449749,0.086449749
MPT_LexicalPhonological_Baseline1_PointEstimateVariance,0.109827531,0.109827531,0.109827531
MPT_LexicalSelection_Baseline1_PointEstimateVariance,0.05864741,0.05864741,0.05864741
MPT_Phonological_Baseline1_PointEstimateVariance,0.050046622,0.050046622,0.050046622
MPT_Semantic_Baseline1_PointEstimateVariance,0.072344893,0.072344893,0.072344893
MPT_Attempts_Baseline2_PointEstimate,0.497287456,0.497287456,0.497287456
MPT_LexicalSemantic_Baseline2_PointEstimate,0.875315088,0.875315088,0.875315088
MPT_LexicalPhonological_Baseline2_PointEstimate,0.598070257,0.598070257,0.598070257
MPT_LexicalSelection_Baseline2_PointEstimate,0.74660887,0.74660887,0.74660887
MPT_Phonological_Baseline2_PointEstimate,0.082660527,0.082660527,0.082660527
MPT_Semantic_Baseline2_PointEstimate,0.700789432,0.700789432,0.700789432
MPT_Attempts_Baseline2_PointEstimateVariance,0.034772043,0.034772043,0.034772043
MPT_LexicalSemantic_Baseline2_PointEstimateVariance,0.080085182,0.080085182,0.080085182
MPT_LexicalPhonological_Baseline2_PointEstimateVariance,NaN,NaN,NaN
MPT_LexicalSelection_Baseline2_PointEstimateVariance,0.014798944,0.014798944,0.014798944
MPT_Phonological_Baseline2_PointEstimateVariance,0.026363295,0.026363295,0.026363295
MPT_Semantic_Baseline2_PointEstimateVariance,0.070599266,0.070599266,0.070599266
MPT_Attempts_ZtestDifferenceInBaselinePointEstimates,0.112612953,0.112612953,0.112612953
MPT_LexicalSemantic_ZtestDifferenceInBaselinePointEstimates,0.342442073,0.342442073,0.342442073
MPT_LexicalPhonological_ZtestDifferenceInBaselinePointEstimates,0.761660945,0.761660945,0.761660945
MPT_LexicalSelection_ZtestDifferenceInBaselinePointEstimates,0.791743414,0.791743414,0.791743414
MPT_Phonological_ZtestDifferenceInBaselinePointEstimates,0.682077502,0.682077502,0.682077502
MPT_Semantic_ZtestDifferenceInBaselinePointEstimates,0.479449952,0.479449952,0.479449952
PNT_MeanCorrectAcrossBaselineSessions,0.242442866,0.242442866,0.242442866
PNT_MeanSemanticErrorsAcrossBaselineSessions,0.02655631,0.02655631,0.02655631
PNT_MeanFormalErrorsAcrossBaselineSessions,0.156446503,0.156446503,0.156446503
PNT_MeanMixedErrorsAcrossBaselineSessions,0.082750262,0.082750262,0.082750262
PNT_MeanUnrelatedErrorsAcrossBaselineSessions,0.311808624,0.311808624,0.311808624
PNT_MeanNeologismsAcrossBaselineSessions,0.171145054,0.171145054,0.171145054
PNT_MeanAbstuseNeologismsAcrossBaselineSessions,0.112082562,0.112082562,0.112082562
PNT_MeanNonNamingAttemptsAcrossBaselineSessions,0.608632671,0.608632671,0.608632671
PNT_VarianceCorrectAcrossBaselineSessions,0.150692598,0.150692598,0.150692598
PNT_VarianceSemanticErrorsAcrossBaselineSessions,0.043901927,0.043901927,0.043901927
PNT_VarianceFormalErrorsAcrossBaselineSessions,0.156075326,0.156075326,0.156075326
PNT_VarianceMixedErrorsAcrossBaselineSessions,0.028228922,0.028228922,0.028228922
PNT_VarianceUnrelatedErrorsAcrossBaselineSessions,0.197407317,0.197407317,0.197407317
PNT_VarianceNeologismsAcrossBaselineSessions,0.479790014,0.479790014,0.479790014
PNT_VarianceAbstuseNeologismsAcrossBaselineSessions,0.119829343,0.119829343,0.119829343
PNT_VarianceNonNamingAttemptsAcrossBaselineSessions,0.381031149,0.381031149,0.381031149
Lesion_TotalBilateralLoad,0.047346408,0.047346408,0.047346408
Lesion_TotalLHLoad,0.261021061,0.261021061,0.261021061
Lesion_TotalRHLoad,0.010444233,0.010444233,0.010444233
Lesion_LanguageTractsBilateralLoad,NaN,NaN,NaN
Lesion_LanguageTractsLHLoad,0.883661509,0.883661509,0.883661509
Lesion_DorsalBilateralLoad,0.137809565,0.137809565,0.137809565
Lesion_DorsalLHLoad,0.503125751,0.503125751,0.503125751
Lesion_DorsalRHLoad,0.005291386,0.005291386,0.005291386
Lesion_VentralBilateralLoad,0.026197529,0.026197529,0.026197529
Lesion_VentralLHLoad,0.002069065,0.002069065,0.002069065
Lesion_VentralRHLoad,1.03E-05,1.03E-05,1.03E-05
Lesion_GreyMatterBilateralLoad,0.020735472,0.020735472,0.020735472
Lesion_GreyMatterLHLoad,0.329182389,0.329182389,0.329182389
Lesion_GreyMatterRHLoad,0.020353727,0.020353727,0.020353727
Lesion_WhiteMatterBilateralLoad,NaN,NaN,NaN
Lesion_WhiteMatterLHLoad,0.218300558,0.218300558,0.218300558
Lesion_WhiteMatterRHLoad,0.000731216,0.000731216,0.000731216
Lesion_CSFBilateralLoad,0.115766896,0.115766896,0.115766896
Lesion_CSFLHLoad,0.073646609,0.073646609,0.073646609
Lesion_LHLoadProportionalToTotalBilateralLoad,1.71616221,1.71616221,1.71616221
Lesion_RHLoadProportionalToTotalBilateralLoad,0.088366038,0.088366038,0.088366038
Lesion_LanguageTractsBilateralLoadProportionalToTotalBilateralLoad,6.361042926,6.361042926,6.361042926
Lesion_DorsalBilateralLoadProportionalToTotalBilateralLoad,3.769744395,3.769744395,3.769744395
Lesion_DorsalLHLoadProportionalToDorsalBilateralLoad,1.9876682,1.9876682,1.9876682
Lesion_DorsalRHLoadProportionalToDorsalBilateralLoad,0.026927826,0.026927826,0.026927826
Lesion_VentralBilateralLoadProportionalToTotalBilateralLoad,4.782390835,4.782390835,4.782390835
Lesion_VentralLHLoadProportionalToVentralBilateralLoad,NaN,NaN,NaN
Lesion_VentralRHLoadProportionalToVentralBilateralLoad,0.000414687,0.000414687,0.000414687
Lesion_GreyMatterBilateralLoadProportionalToTotalBilateralLoad,1.66195727,1.66195727,1.66195727
Lesion_GreyMatterLHLoadProportionalToGreyMatterBilateralLoad,1.931748822,1.931748822,1.931748822
Lesion_GreyMatterRHProportionalToGreyMatterBilateralLoad,0.350501532,0.350501532,0.350501532
Lesion_WhiteMatterBilateralLoadProportionalToTotalBilateralLoad,1.06808411,1.06808411,1.06808411
Lesion_WhiteMatterLHLoadProportionalToWhiteMatterBilateralLoad,1.769537013,1.769537013,1.769537013
Lesion_WhiteMatterRHLoadProportionalToWhiteMatterBilateralLoad,0.14953264,0.14953264,0.14953264
Lesion_CSFBilateralLoadProportionalToTotalBilateralLoad,1.297224661,1.297224661,1.297224661
Lesion_CSFLHLoadProportionalToCSFBilateralLoad,NaN,NaN,NaN
CBF_TotalBilateral,88.87351984,88.87351984,88.87351984
CBF_TotalLH,NaN,NaN,NaN
CBF_TotalRH,26.95126222,26.95126222,26.95126222
CBF_LanguageTractsBilateral,31.86471222,31.86471222,31.86471222
CBF_LanguageTractsLH,NaN,NaN,NaN
CBF_LanguageTractsRH,26.1558789,26.1558789,26.1558789
CBF_DorsalBilateral,41.25568447,41.25568447,41.25568447
CBF_DorsalLH,14.50570724,14.50570724,14.50570724
CBF_DorsalRH,NaN,NaN,NaN
CBF_VentralBilateral,109.1315365,109.1315365,109.1315365
CBF_VentralLH,72.34832671,72.34832671,72.34832671
CBF_VentralRH,80.18939798,80.18939798,80.18939798
CBF_GreyMatterBilateral,66.49857944,66.49857944,66.49857944
CBF_GreyMatterLH,NaN,NaN,NaN
CBF_GreyMatterRH,42.7728673,42.7728673,42.7728673
CBF_WhiteMatterBilateral,33.69399623,33.69399623,33.69399623
CBF_WhiteMatterLH,NaN,NaN,NaN
CBF_WhiteMatterRH,89.88971413,89.88971413,89.88971413
CBF_CSFBilateral,42.59916552,42.59916552,42.59916552
CBF_CSFLH,26.81503026,26.81503026,26.81503026
CBF_CSFRH,27.20201058,27.20201058,27.20201058
CBF_TotalLHProportionalToTotalBilateral,NaN,NaN,NaN
CBF_TotalRHProportionaToTotalBilateral,0.984389336,0.984389336,0.984389336
CBF_LanguageTractsBilateralProportionalToTotalBilateral,0.962921458,0.962921458,0.962921458
CBF_LanguageTractsLHProportionalToLanguageTractsBilateral,1.011612298,1.011612298,1.011612298
CBF_LanguageTractsRHProportionalToLanguageTractsBilateral,1.792862631,1.792862631,1.792862631
CBF_DorsalBilateralProportionalToTotalBilateral,0.914551619,0.914551619,0.914551619
CBF_DorsalLHProportionalToDorsalBilateral,0.564674378,0.564674378,0.564674378
CBF_DorsalRHProportionalToDorsalBilateral,NaN,NaN,NaN
CBF_VentrallBilateralProportionalToTotalBilateral,NaN,NaN,NaN
CBF_VentralLHProportionalToVentralBilateral,0.452212947,0.452212947,0.452212947
CBF_VentralRHProportionalToVentralBilateral,1.488975888,1.488975888,1.488975888
CBF_GreyMatterBilateralProportionalToTotalBilateral,1.309295333,1.309295333,1.309295333
CBF_GreyMatterLHProportionalToGreyMatterBilateral,0.845035609,0.845035609,0.845035609
CBF_GreyMatterRHProportionalToGreyMatterBilateral,NaN,NaN,NaN
CBF_WhiteMatterBilateralProportionalToTotalBilateral,0.778801286,0.778801286,0.778801286
CBF_WhiteMatterLHProportionalToWMBilateral,NaN,NaN,NaN
CBF_WhiteMatterRHProportionalToWMBilateral,1.495436874,1.495436874,1.495436874
CBF_CSFBilateralProportionalToTotalBilateral,0.451156204,0.451156204,0.451156204
CBF_CSFLHProportionalToCSFBilateral,1.206113581,1.206113581,1.206113581
CBF_CSFRHProportionalToCSFBilateral,1.300588827,1.300588827,1.300588827
FA_TotalBilateral,NaN,NaN,NaN
FA_TotalLH,NaN,NaN,NaN
FA_TotalRH,0.216426651,0.216426651,0.216426651
FA_LanguageTractsBilateral,0.152586214,0.152586214,0.152586214
FA_LanguageTractsLH,0.203157127,0.203157127,0.203157127
FA_LanguageTractsRH,0.288441823,0.288441823,0.288441823
FA_DorsalBilateral,0.140222572,0.140222572,0.140222572
FA_DorsalLH,0.09069582,0.09069582,0.09069582
FA_DorsalRH,0.225680001,0.225680001,0.225680001
FA_VentralBilateral,0.200932089,0.200932089,0.200932089
FA_VentralLH,0.19209037,0.19209037,0.19209037
FA_VentralRH,0.230362991,0.230362991,0.230362991
FA_GreyMatterBilateral,NaN,NaN,NaN
FA_GreyMatterLH,0.180176011,0.180176011,0.180176011
FA_GreyMatterRH,0.176871242,0.176871242,0.176871242
FA_WhiteMatterBilateral,0.290889016,0.290889016,0.290889016
FA_WhiteMatterLH,0.285345521,0.285345521,0.285345521
FA_WhiteMatterRH,NaN,NaN,NaN
FA_CSFBilateral,NaN,NaN,NaN
FA_CSFLH,0.131908595,0.131908595,0.131908595
FA_CSFRH,0.363420784,0.363420784,0.363420784
FA_TotalLHProportionalToTotalBilateral,0.848203427,0.848203427,0.848203427
FA_TotalRHProportionaToTotalBilateral,1.133705777,1.133705777,1.133705777
FA_LanguageTractsBilateralProportionalToTotalBilateral,1.109596085,1.109596085,1.109596085
FA_LanguageTractsLHProportionalToLanguageTractsBilateral,0.522427984,0.522427984,0.522427984
FA_LanguageTractsRHProportionalToLanguageTractsBilateral,1.470892925,1.470892925,1.470892925
FA_DorsalBilateralProportionalToTotalBilateral,0.872521232,0.872521232,0.872521232
FA_DorsalLHProportionalToDorsalBilateral,0.702534539,0.702534539,0.702534539
FA_DorsalRHProportionalToDorsalBilateral,NaN,NaN,NaN
FA_VentrallBilateralProportionalToTotalBilateral,0.855794717,0.855794717,0.855794717
FA_VentralLHProportionalToVentralBilateral,0.868229265,0.868229265,0.868229265
FA_VentralRHProportionalToVentralBilateral,1.02949792,1.02949792,1.02949792
FA_GreyMatterBilateralProportionalToTotalBilateral,0.822688082,0.822688082,0.822688082
FA_GreyMatterLHProportionalToGreyMatterBilateral,0.981771076,0.981771076,0.981771076
FA_GreyMatterRHProportionalToGreyMatterBilateral,1.055305967,1.055305967,1.055305967
FA_WhiteMatterBilateralProportionalToTotalBilateral,NaN,NaN,NaN
FA_WhiteMatterLHProportionalToWMBilateral,0.957540083,0.957540083,0.957540083
FA_WhiteMatterRHProportionalToWMBilateral,NaN,NaN,NaN
FA_CSFBilateralProportionalToTotalBilateral,0.600529017,0.600529017,0.600529017
FA_CSFLHProportionalToCSFBilateral,0.754345016,0.754345016,0.754345016
FA_CSFRHProportionalToCSFBilateral,1.531735501,1.531735501,1.531735501
MD_TotalBilateral,NaN,NaN,NaN
MD_TotalLH,0.000745807,0.000745807,0.000745807
MD_TotalRH,0.000652904,0.000652904,0.000652904
MD_LanguageTractsBilateral,0.001570842,0.001570842,0.001570842
MD_LanguageTractsLH,0.001377717,0.001377717,0.001377717
MD_LanguageTractsRH,0.001311345,0.001311345,0.001311345
MD_DorsalBilateral,0.001629492,0.001629492,0.001629492
MD_DorsalLH,0.001171069,0.001171069,0.001171069
MD_DorsalRH,0.000761208,0.000761208,0.000761208
MD_VentralBilateral,NaN,NaN,NaN
MD_VentralLH,0.001782736,0.001782736,0.001782736
MD_VentralRH,0.000817432,0.000817432,0.000817432
MD_GreyMatterBilateral,0.001127216,0.001127216,0.001127216
MD_GreyMatterLH,0.00109056,0.00109056,0.00109056
MD_GreyMatterRH,NaN,NaN,NaN
MD_WhiteMatterBilateral,0.001586945,0.001586945,0.001586945
MD_WhiteMatterLH,0.001476583,0.001476583,0.001476583
MD_WhiteMatterRH,0.000589492,0.000589492,0.000589492
MD_CSFBilateral,0.001312243,0.001312243,0.001312243
MD_CSFLH,0.002023595,0.002023595,0.002023595
MD_CSFRH,0.000806671,0.000806671,0.000806671
MD_TotalLHProportionalToTotalBilateral,1.096033108,1.096033108,1.096033108
MD_TotalRHProportionaToTotalBilateral,0.800385336,0.800385336,0.800385336
MD_LanguageTractsBilateralProportionalToTotalBilateral,1.211317544,1.211317544,1.211317544
MD_LanguageTractsLHProportionalToLanguageTractsBilateral,1.141814494,1.141814494,1.141814494
MD_LanguageTractsRHProportionalToLanguageTractsBilateral,0.662177673,0.662177673,0.662177673
MD_DorsalBilateralProportionalToTotalBilateral,0.949815081,0.949815081,0.949815081
MD_DorsalLHProportionalToDorsalBilateral,1.110234506,1.110234506,1.110234506
MD_DorsalRHProportionalToDorsalBilateral,0.978786705,0.978786705,0.978786705
MD_VentrallBilateralProportionalToTotalBilateral,1.022330307,1.022330307,1.022330307
MD_VentralLHProportionalToVentralBilateral,1.253522418,1.253522418,1.253522418
MD_VentralRHProportionalToVentralBilateral,NaN,NaN,NaN
MD_GreyMatterBilateralProportionalToTotalBilateral,0.897364643,0.897364643,0.897364643
MD_GreyMatterLHProportionalToGreyMatterBilateral,1.119631797,1.119631797,1.119631797
MD_GreyMatterRHProportionalToGreyMatterBilateral,NaN,NaN,NaN
MD_WhiteMatterBilateralProportionalToTotalBilateral,1.042096674,1.042096674,1.042096674
MD_WhiteMatterLHProportionalToWMBilateral,1.168868868,1.168868868,1.168868868
MD_WhiteMatterRHProportionalToWMBilateral,0.863110588,0.863110588,0.863110588
MD_CSFBilateralProportionalToTotalBilateral,1.918828148,1.918828148,1.918828148
MD_CSFLHProportionalToCSFBilateral,1.129252656,1.129252656,1.129252656
MD_CSFRHProportionalToCSFBilateral,NaN,NaN,NaN
FC_IntrahemisphericLH,NaN,NaN,NaN
FC_IntrahemisphericRH,0.096617753,0.096617753,0.096617753
FC_Total(Bilateral),0.200026323,0.200026323,0.200026323
FC_Interhemispheric,0.035102277,0.035102277,0.035102277
FC_VentralBilateral,0.200260195,0.200260195,0.200260195
FC_VentralIntrahemisphericLH,0.112810705,0.112810705,0.112810705
FC_VentralIntrahemisphericRH,NaN,NaN,NaN
FC_VentralInterhemispheric,NaN,NaN,NaN
FC_DorsalBilateral,0.046865657,0.046865657,0.046865657
FC_DorsalIntrahemisphericLH,NaN,NaN,NaN
FC_DorsalIntrahemisphericRH,0.360687743,0.360687743,0.360687743
FC_DorsalToVentralBilateral,0.022888455,0.022888455,0.022888455
FC_DorsalToVentralIntrahemisphericLH,0.155260639,0.155260639,0.155260639
FC_DorsalToVentralIntrahemisphericRH,0.413541854,0.413541854,0.413541854
FC_IntrahemisphericLHProportionalToTotal,1.974429034,1.974429034,1.974429034
FC_IntrahemisphericRHProportionalToTotal,3.038480487,3.038480487,3.038480487
FC_VentralIntrahemisphericLHProportionalToVentralBilateral,1.355093205,1.355093205,1.355093205
FC_VentralIntrahemisphericRHProportionalToVentralBilateral,1.846030269,1.846030269,1.846030269
FC_DorsalIntrahemisphericLHProportionalToDorsalBilateral,0.520168779,0.520168779,0.520168779
FC_DorsalIntrahemisphericRHProportionalToDorsalBilateral,NaN,NaN,NaN
FC_DorsalToVentralIntrahemisphericLHProportionalToDorsalToVentralBilateral,NaN,NaN,NaN
FC_DorsalToVentralIntrahemisphericRHProportionalToDorsalToVentralBilateral,65.62234461,65.62234461,65.62234461
SC_IntrahemisphericLH,9.93775854,9.93775854,9.93775854
SC_IntrahemisphericRH,9.549922501,9.549922501,9.549922501
SC_Total(Bilateral),6.916233608,6.916233608,6.916233608
SC_Interhemispheric,2.94679798,2.94679798,2.94679798
SC_VentralBilateral,4.669434295,4.669434295,4.669434295
SC_VentralIntrahemisphericLH,9.508264724,9.508264724,9.508264724
SC_VentralIntrahemisphericRH,16.07585936,16.07585936,16.07585936
SC_VentralInterhemispheric,2.259918302,2.259918302,2.259918302
SC_DorsalBilateral,11.17160712,11.17160712,11.17160712
SC_DorsalIntrahemisphericLH,6.858773883,6.858773883,6.858773883
SC_DorsalIntrahemisphericRH,34.82135312,34.82135312,34.82135312
SC_DorsalToVentralBilateral,3.741736055,3.741736055,3.741736055
SC_DorsalToVentralIntrahemisphericLH,1.192610293,1.192610293,1.192610293
SC_DorsalToVentralIntrahemisphericRH,NaN,NaN,NaN
SC_IntrahemisphericLHProportionalToTotal,1.084895433,1.084895433,1.084895433
SC_IntrahemisphericRHProportionalToTotal,NaN,NaN,NaN
SC_VentralIntrahemisphericLHProportionalToVentralBilateral,1.374373736,1.374373736,1.374373736
SC_VentralIntrahemisphericRHProportionalToVentralBilateral,3.397290015,3.397290015,3.397290015
SC_DorsalIntrahemisphericLHProportionalToDorsalBilateral,1.442842256,1.442842256,1.442842256
SC_DorsalIntrahemisphericRHProportionalToDorsalBilateral,NaN,NaN,NaN
SC_DorsalToVentralIntrahemisphericLHProportionalToDorsalToVentralBilateral,0.416326405,0.416326405,0.416326405
SC_DorsalToVentralIntrahemisphericRHProportionalToDorsalToVentralBilateral,1.509075925,1.509075925,1.509075925
WAB_AphasiaQuotient,43.4972281,43.4972281,43.4972281
NIHStrokeSeverity,0.009093495,0.009093495,0.009093495
FluentVsNonFluent,1.239984489,1.239984489,1.239984489
Sex,1.488113335,1.488113335,1.488113335
MonthsPostOnset,158.161809,158.161809,158.161809
ChronologicalAgeDuringStroke,46.48873844,46.48873844,46.48873844
ChronologicalAge,56.92621282,56.92621282,56.92621282
Depression,1.856124828,1.856124828,1.856124828
AntidepressantUsage,NaN,NaN,NaN
Diabetes,1.32258194,1.32258194,1.32258194
Education,17.67464534,17.67464534,17.67464534
ExerciseBeforeStroke,5.937659015,5.937659015,5.937659015
ExerciseAfterStroke,4.604949329,4.604949329,4.604949329
ReceivedTreatmentOrder,1.175361067,1.175361067,1.175361067
ASRS_AphasiaSeverity,2.092030727,2.092030727,2.092030727
ASRS_ApraxiaOfSpeechSeverity,0.569679315,0.569679315,0.569679315
ASRS_DysarthriaSeverity,1.020873585,1.020873585,1.020873585
ASRS_ApraxiaOfSpeech,1.610426185,1.610426185,1.610426185
ASRS_Dysarthria,1.70271645,1.70271645,1.70271645
WAIS,14.70633052,14.70633052,14.70633052
PyramidsAndPalmTrees,18.77458865,18.77458865,18.77458865
KissingAndDancingTest,28.41080447,28.41080447,28.41080447
PhiladelphiaRepetitionTask_Correct,112.5884483,112.5884483,112.5884483
Naming40_CorrectResponses,5.375533707,5.375533707,5.375533707
Naming40_SelfCorrectResponses,2.077200914,2.077200914,2.077200914
Naming40_SemanticErrors,4.438274124,4.438274124,4.438274124
Naming40_PhonemicErrors,NaN,NaN,NaN
NAVS_VerbNaming_Test,17.9551501,17.9551501,17.9551501
NAVS_VerbComprehensionTest,6.663931625,6.663931625,6.663931625
NAVS_ASPT_ArgumentStructure,18.46146276,18.46146276,18.46146276
NAVS_ArgumentStructureProductionTest,23.47077993,23.47077993,23.47077993
NAVS_SentenceProductionPrimingTask,21.49783952,21.49783952,21.49783952
NAVS_SentenceComprehensionTest,8.012984779,8.012984779,8.012984779
TALSA_RhymeJudgement_W5SF,NaN,NaN,NaN
TALSA_RhymeJudgement_W5SU,11.86961658,11.86961658,11.86961658
TALSA_RhymeJudgement_NW5SF,8.376064187,8.376064187,8.376064187
TALSA_RhymeJudgement_NW5SU,15.75725669,15.75725669,15.75725669
TALSA_Triplet_A1_Total,8.940899373,8.940899373,8.940899373
TALSA_Triplet_A2Total,6.718608196,6.718608196,6.718608196
PALPA_1,70.38871428,70.38871428,70.38871428
PALPA_2,60.83269548,60.83269548,60.83269548
PALPA_8,NaN,NaN,NaN
PALPA_14,18.81655779,18.81655779,18.81655779
PALPA_15,56.38345733,56.38345733,56.38345733
PALPA_16_words,21.40356666,21.40356666,21.40356666
PALPA_16_nonwords,NaN,NaN,NaN
PALPA_17_words,17.13742099,17.13742099,17.13742099
PALPA_17_nonwords,NaN,NaN,NaN
MeanLengthOfUtterance_Cinderella_Baseline,NaN,NaN,NaN
TypeTokenRatio_Cinderella_Baseline,0.747181064,0.747181064,0.747181064
WordsPerMinute_Cinderella_Baseline,91.34841122,91.34841122,91.34841122
VerbsPerUtterance_Cinderella_Baseline,2.177909174,2.177909174,2.177909174
PercentWordErrors_Cinderella_Baseline,1.018824466,1.018824466,1.018824466
PropositionalDensity_Cinderella_Baseline,0.01468058,0.01468058,0.01468058
NounVerbRatio_Cinderella_Baseline,5.184265968,5.184265968,5.184265968
OpenClosedClassRatio_Cinderella_Baseline,6.973755327,6.973755327,6.973755327
PhonologicalErrorsPerWord_Cinderella_Baseline,0.063193789,0.063193789,0.063193789
SemanticErrorsPerWord_Cinderella_Baseline,0.09657305,0.09657305,0.09657305
UnrelatedErrorsPerWord_Cinderella_Baseline,0.060532418,0.060532418,0.060532418
TotalLesionVolume,NaN,NaN,NaN
ProportionalBrainAgeDifference,6.728896796,6.728896796,6.728896796
WAB_SpontaneousSpeech,6.073210437,6.073210437,6.073210437
WAB_AuditoryComprehension,8.300277454,8.300277454,8.300277454
WAB_Repetition,3.198104614,3.198104614,3.198104614
WAB_Naming,8.900724657,8.900724657,8.900724657
fMRI_ParietalLesionDilated3mmTo6mm,-0.018054387,-0.018054387,-0.018054387
fMRI_ParietalLesionDilated6mmTo9mm,NaN,NaN,NaN
fMRI_ParietalLesionDilated9mmTo12mm,0.696765745,0.696765745,0.696765745
fMRI_ParietalLesionDilated12mmTo15mm,1.284461118,1.284461118,1.284461118
fMRI_TemporalLesionDilated3mmTo6mm,0.431775907,0.431775907,0.431775907
fMRI_TemporalLesionDilated6mmTo9mm,-0.445759988,-0.445759988,-0.445759988
fMRI_TemporalLesionDilated9mmTo12mm,0.774585637,0.774585637,0.774585637
fMRI_TemporalLesionDilated12mmTo15mm,0.741211232,0.741211232,0.741211232
fMRI_FrontalLesionDilated3mmTo6mm,1.049400128,1.049400128,1.049400128
fMRI_FrontalLesionDilated6mmTo9mm,-0.815019694,-0.815019694,-0.815019694
fMRI_FrontalLesionDilated9mmTo12mm,1.488591973,1.488591973,1.488591973
fMRI_FrontalLesionDilated12mmTo15mm,NaN,NaN,NaN
WAB_MildSeverity,0.185656113,0.185656113,0.185656113
WAB_ModerateMildSeverity,0.837823091,0.837823091,0.837823091
WAB_ModerateSevereSeverity,0.933946092,0.933946092,0.933946092
WAB_SevereSeverity,0.110312487,0.110312487,0.110312487
AphasiaType_Anomia,0.139376093,0.139376093,0.139376093
AphasiaType_Broca's,0.791902783,0.791902783,0.791902783
AphasiaType_Conduction,0.256077025,0.256077025,0.256077025
AphasiaType_Global,0.236667522,0.236667522,0.236667522
AphasiaType_TransCortialMotor,0.154755501,0.154755501,0.154755501
AphasiaType_Wernicke's,0.524747151,0.524747151,0.524747151
StrokeType_Hemorrhagic,0.853695924,0.853695924,0.853695924
StrokeType_Ischemic,0.330250115,0.330250115,0.330250115
StrokeType_Unconventional,0.190331291,0.190331291,0.190331291
Race_AfricanAmerican,0.229719179,0.229719179,0.229719179
Race_Asian,0.488872561,0.488872561,0.488872561
Race_White,0.620959218,0.620959218,0.620959218
Handedness_Ambidextrous,0.255013277,0.255013277,0.255013277
Handedness_Left,0.1883719,0.1883719,0.1883719
Handedness_Right,0.254658832,0.254658832,0.254658832
