Feature Name,Subject1,Subject2,Subject3
MPT_Attempts_Baseline1_PointEstimate,0.9719,0.9719,0.9719
MPT_LexicalSemantic_Baseline1_PointEstimate,0.9727,0.9727,0.9727
MPT_LexicalPhonological_Baseline1_PointEstimate,0.9848,0.9848,0.9848
MPT_LexicalSelection_Baseline1_PointEstimate,0.9719,0.9719,0.9719
MPT_Phonological_Baseline1_PointEstimate,0.9822,0.9822,0.9822
MPT_Semantic_Baseline1_PointEstimate,0.9771,0.9771,0.9771
MPT_Attempts_Baseline1_PointEstimateVariance,0.0102,0.0102,0.0102
MPT_LexicalSemantic_Baseline1_PointEstimateVariance,0.0103,0.0103,0.0103
MPT_LexicalPhonological_Baseline1_PointEstimateVariance,0.0076,0.0076,0.0076
MPT_LexicalSelection_Baseline1_PointEstimateVariance,0.0105,0.0105,0.0105
MPT_Phonological_Baseline1_PointEstimateVariance,0.0082,0.0082,0.0082
MPT_Semantic_Baseline1_PointEstimateVariance,0.0105,0.0105,0.0105
MPT_Attempts_Baseline2_PointEstimate,0.9681,0.9681,0.9681
MPT_LexicalSemantic_Baseline2_PointEstimate,0.9558,0.9558,0.9558
MPT_LexicalPhonological_Baseline2_PointEstimate,0.9836,0.9836,0.9836
MPT_LexicalSelection_Baseline2_PointEstimate,0.9679,0.9679,0.9679
MPT_Phonological_Baseline2_PointEstimate,0.9793,0.9793,0.9793
MPT_Semantic_Baseline2_PointEstimate,0.9773,0.9773,0.9773
MPT_Attempts_Baseline2_PointEstimateVariance,0.0115,0.0115,0.0115
MPT_LexicalSemantic_Baseline2_PointEstimateVariance,0.0142,0.0142,0.0142
MPT_LexicalPhonological_Baseline2_PointEstimateVariance,0.0084,0.0084,0.0084
MPT_LexicalSelection_Baseline2_PointEstimateVariance,0.0113,0.0113,0.0113
MPT_Phonological_Baseline2_PointEstimateVariance,0.009,0.009,0.009
MPT_Semantic_Baseline2_PointEstimateVariance,0.0105,0.0105,0.0105
MPT_Attempts_ZtestDifferenceInBaselinePointEstimates,0.8069,0.8069,0.8069
MPT_LexicalSemantic_ZtestDifferenceInBaselinePointEstimates,0.3339,0.3339,0.3339
MPT_LexicalPhonological_ZtestDifferenceInBaselinePointEstimates,0.9148,0.9148,0.9148
MPT_LexicalSelection_ZtestDifferenceInBaselinePointEstimates,0.797,0.797,0.797
MPT_Phonological_ZtestDifferenceInBaselinePointEstimates,0.8092,0.8092,0.8092
MPT_Semantic_ZtestDifferenceInBaselinePointEstimates,0.9886,0.9886,0.9886
PNT_MeanCorrectAcrossBaselineSessions,0.893790256,0.893790256,0.893790256
PNT_MeanSemanticErrorsAcrossBaselineSessions,0.034417836,0.034417836,0.034417836
PNT_MeanFormalErrorsAcrossBaselineSessions,0.005747316,0.005747316,0.005747316
PNT_MeanMixedErrorsAcrossBaselineSessions,0.031593724,0.031593724,0.031593724
PNT_MeanUnrelatedErrorsAcrossBaselineSessions,0,0,0
PNT_MeanNeologismsAcrossBaselineSessions,0.008604459,0.008604459,0.008604459
PNT_MeanAbstuseNeologismsAcrossBaselineSessions,0,0,0
PNT_MeanNonNamingAttemptsAcrossBaselineSessions,0.025846408,0.025846408,0.025846408
PNT_VarianceCorrectAcrossBaselineSessions,0.3073489,0.3073489,0.3073489
PNT_VarianceSemanticErrorsAcrossBaselineSessions,0.180094681,0.180094681,0.180094681
PNT_VarianceFormalErrorsAcrossBaselineSessions,0.075810743,0.075810743,0.075810743
PNT_VarianceMixedErrorsAcrossBaselineSessions,0.175250447,0.175250447,0.175250447
PNT_VarianceUnrelatedErrorsAcrossBaselineSessions,0,0,0
PNT_VarianceNeologismsAcrossBaselineSessions,0.091312725,0.091312725,0.091312725
PNT_VarianceAbstuseNeologismsAcrossBaselineSessions,0,0,0
PNT_VarianceNonNamingAttemptsAcrossBaselineSessions,0.158900971,0.158900971,0.158900971
Lesion_TotalBilateralLoad,0.008497248,0.008497248,0.008497248
Lesion_TotalLHLoad,0.017084893,0.017084893,0.017084893
Lesion_TotalRHLoad,0,0,0
Lesion_LanguageTractsBilateralLoad,0.00647707,0.00647707,0.00647707
Lesion_LanguageTractsLHLoad,0.012954139,0.012954139,0.012954139
Lesion_DorsalBilateralLoad,0,0,0
Lesion_DorsalLHLoad,0,0,0
Lesion_DorsalRHLoad,0,0,0
Lesion_VentralBilateralLoad,0,0,0
Lesion_VentralLHLoad,0,0,0
Lesion_VentralRHLoad,0,0,0
Lesion_GreyMatterBilateralLoad,0.008096362,0.008096362,0.008096362
Lesion_GreyMatterLHLoad,0.016192724,0.016192724,0.016192724
Lesion_GreyMatterRHLoad,0,0,0
Lesion_WhiteMatterBilateralLoad,0.010520296,0.010520296,0.010520296
Lesion_WhiteMatterLHLoad,0.021040592,0.021040592,0.021040592
Lesion_WhiteMatterRHLoad,0,0,0
Lesion_CSFBilateralLoad,0,0,0
Lesion_CSFLHLoad,0,0,0
Lesion_LHLoadProportionalToTotalBilateralLoad,2.010638298,2.010638298,2.010638298
Lesion_RHLoadProportionalToTotalBilateralLoad,0,0,0
Lesion_LanguageTractsBilateralLoadProportionalToTotalBilateralLoad,0.762254956,0.762254956,0.762254956
Lesion_DorsalBilateralLoadProportionalToTotalBilateralLoad,0,0,0
Lesion_DorsalLHLoadProportionalToDorsalBilateralLoad,NaN,NaN,NaN
Lesion_DorsalRHLoadProportionalToDorsalBilateralLoad,NaN,NaN,NaN
Lesion_VentralBilateralLoadProportionalToTotalBilateralLoad,0,0,0
Lesion_VentralLHLoadProportionalToVentralBilateralLoad,NaN,NaN,NaN
Lesion_VentralRHLoadProportionalToVentralBilateralLoad,NaN,NaN,NaN
Lesion_GreyMatterBilateralLoadProportionalToTotalBilateralLoad,0.952821608,0.952821608,0.952821608
Lesion_GreyMatterLHLoadProportionalToGreyMatterBilateralLoad,2,2,2
Lesion_GreyMatterRHProportionalToGreyMatterBilateralLoad,0,0,0
Lesion_WhiteMatterBilateralLoadProportionalToTotalBilateralLoad,1.238082693,1.238082693,1.238082693
Lesion_WhiteMatterLHLoadProportionalToWhiteMatterBilateralLoad,2,2,2
Lesion_WhiteMatterRHLoadProportionalToWhiteMatterBilateralLoad,0,0,0
Lesion_CSFBilateralLoadProportionalToTotalBilateralLoad,0,0,0
Lesion_CSFLHLoadProportionalToCSFBilateralLoad,NaN,NaN,NaN
CBF_TotalBilateral,NaN,NaN,NaN
CBF_TotalLH,NaN,NaN,NaN
CBF_TotalRH,NaN,NaN,NaN
CBF_LanguageTractsBilateral,NaN,NaN,NaN
CBF_LanguageTractsLH,NaN,NaN,NaN
CBF_LanguageTractsRH,NaN,NaN,NaN
CBF_DorsalBilateral,NaN,NaN,NaN
CBF_DorsalLH,NaN,NaN,NaN
CBF_DorsalRH,NaN,NaN,NaN
CBF_VentralBilateral,NaN,NaN,NaN
CBF_VentralLH,NaN,NaN,NaN
CBF_VentralRH,NaN,NaN,NaN
CBF_GreyMatterBilateral,NaN,NaN,NaN
CBF_GreyMatterLH,NaN,NaN,NaN
CBF_GreyMatterRH,NaN,NaN,NaN
CBF_WhiteMatterBilateral,NaN,NaN,NaN
CBF_WhiteMatterLH,NaN,NaN,NaN
CBF_WhiteMatterRH,NaN,NaN,NaN
CBF_CSFBilateral,NaN,NaN,NaN
CBF_CSFLH,NaN,NaN,NaN
CBF_CSFRH,NaN,NaN,NaN
CBF_TotalLHProportionalToTotalBilateral,NaN,NaN,NaN
CBF_TotalRHProportionaToTotalBilateral,NaN,NaN,NaN
CBF_LanguageTractsBilateralProportionalToTotalBilateral,NaN,NaN,NaN
CBF_LanguageTractsLHProportionalToLanguageTractsBilateral,NaN,NaN,NaN
CBF_LanguageTractsRHProportionalToLanguageTractsBilateral,NaN,NaN,NaN
CBF_DorsalBilateralProportionalToTotalBilateral,NaN,NaN,NaN
CBF_DorsalLHProportionalToDorsalBilateral,NaN,NaN,NaN
CBF_DorsalRHProportionalToDorsalBilateral,NaN,NaN,NaN
CBF_VentrallBilateralProportionalToTotalBilateral,NaN,NaN,NaN
CBF_VentralLHProportionalToVentralBilateral,NaN,NaN,NaN
CBF_VentralRHProportionalToVentralBilateral,NaN,NaN,NaN
CBF_GreyMatterBilateralProportionalToTotalBilateral,NaN,NaN,NaN
CBF_GreyMatterLHProportionalToGreyMatterBilateral,NaN,NaN,NaN
CBF_GreyMatterRHProportionalToGreyMatterBilateral,NaN,NaN,NaN
CBF_WhiteMatterBilateralProportionalToTotalBilateral,NaN,NaN,NaN
CBF_WhiteMatterLHProportionalToWMBilateral,NaN,NaN,NaN
CBF_WhiteMatterRHProportionalToWMBilateral,NaN,NaN,NaN
CBF_CSFBilateralProportionalToTotalBilateral,NaN,NaN,NaN
CBF_CSFLHProportionalToCSFBilateral,NaN,NaN,NaN
CBF_CSFRHProportionalToCSFBilateral,NaN,NaN,NaN
FA_TotalBilateral,0.317669292,0.317669292,0.317669292
FA_TotalLH,0.314922089,0.314922089,0.314922089
FA_TotalRH,0.320775037,0.320775037,0.320775037
FA_LanguageTractsBilateral,0.430399606,0.430399606,0.430399606
FA_LanguageTractsLH,0.401964874,0.401964874,0.401964874
FA_LanguageTractsRH,0.458834338,0.458834338,0.458834338
FA_DorsalBilateral,0.23842108,0.23842108,0.23842108
FA_DorsalLH,0.231907306,0.231907306,0.231907306
FA_DorsalRH,0.244934854,0.244934854,0.244934854
FA_VentralBilateral,0.210949307,0.210949307,0.210949307
FA_VentralLH,0.193980367,0.193980367,0.193980367
FA_VentralRH,0.227918248,0.227918248,0.227918248
FA_GreyMatterBilateral,0.244917109,0.244917109,0.244917109
FA_GreyMatterLH,0.241829976,0.241829976,0.241829976
FA_GreyMatterRH,0.248004243,0.248004243,0.248004243
FA_WhiteMatterBilateral,0.430582859,0.430582859,0.430582859
FA_WhiteMatterLH,0.432462936,0.432462936,0.432462936
FA_WhiteMatterRH,0.428702783,0.428702783,0.428702783
FA_CSFBilateral,0.347179982,0.347179982,0.347179982
FA_CSFLH,0.31965758,0.31965758,0.31965758
FA_CSFRH,0.387345092,0.387345092,0.387345092
FA_TotalLHProportionalToTotalBilateral,0.991352003,0.991352003,0.991352003
FA_TotalRHProportionaToTotalBilateral,1.009776658,1.009776658,1.009776658
FA_LanguageTractsBilateralProportionalToTotalBilateral,1.354866889,1.354866889,1.354866889
FA_LanguageTractsLHProportionalToLanguageTractsBilateral,0.933934112,0.933934112,0.933934112
FA_LanguageTractsRHProportionalToLanguageTractsBilateral,1.066065888,1.066065888,1.066065888
FA_DorsalBilateralProportionalToTotalBilateral,0.750532349,0.750532349,0.750532349
FA_DorsalLHProportionalToDorsalBilateral,0.972679538,0.972679538,0.972679538
FA_DorsalRHProportionalToDorsalBilateral,1.027320462,1.027320462,1.027320462
FA_VentrallBilateralProportionalToTotalBilateral,0.664053191,0.664053191,0.664053191
FA_VentralLHProportionalToVentralBilateral,0.919559155,0.919559155,0.919559155
FA_VentralRHProportionalToVentralBilateral,1.080440845,1.080440845,1.080440845
FA_GreyMatterBilateralProportionalToTotalBilateral,0.77098138,0.77098138,0.77098138
FA_GreyMatterLHProportionalToGreyMatterBilateral,0.987395191,0.987395191,0.987395191
FA_GreyMatterRHProportionalToGreyMatterBilateral,1.012604809,1.012604809,1.012604809
FA_WhiteMatterBilateralProportionalToTotalBilateral,1.355443758,1.355443758,1.355443758
FA_WhiteMatterLHProportionalToWMBilateral,1.004366353,1.004366353,1.004366353
FA_WhiteMatterRHProportionalToWMBilateral,0.995633647,0.995633647,0.995633647
FA_CSFBilateralProportionalToTotalBilateral,1.09289752,1.09289752,1.09289752
FA_CSFLHProportionalToCSFBilateral,0.920725839,0.920725839,0.920725839
FA_CSFRHProportionalToCSFBilateral,1.115689592,1.115689592,1.115689592
MD_TotalBilateral,0.000912035,0.000912035,0.000912035
MD_TotalLH,0.000937814,0.000937814,0.000937814
MD_TotalRH,0.000881694,0.000881694,0.000881694
MD_LanguageTractsBilateral,0.000774777,0.000774777,0.000774777
MD_LanguageTractsLH,0.000803764,0.000803764,0.000803764
MD_LanguageTractsRH,0.00074579,0.00074579,0.00074579
MD_DorsalBilateral,0.000921914,0.000921914,0.000921914
MD_DorsalLH,0.000940582,0.000940582,0.000940582
MD_DorsalRH,0.000903246,0.000903246,0.000903246
MD_VentralBilateral,0.000894935,0.000894935,0.000894935
MD_VentralLH,0.00093518,0.00093518,0.00093518
MD_VentralRH,0.00085469,0.00085469,0.00085469
MD_GreyMatterBilateral,0.000904617,0.000904617,0.000904617
MD_GreyMatterLH,0.000930411,0.000930411,0.000930411
MD_GreyMatterRH,0.000878822,0.000878822,0.000878822
MD_WhiteMatterBilateral,0.000840256,0.000840256,0.000840256
MD_WhiteMatterLH,0.00084922,0.00084922,0.00084922
MD_WhiteMatterRH,0.000831292,0.000831292,0.000831292
MD_CSFBilateral,0.001429935,0.001429935,0.001429935
MD_CSFLH,0.001621684,0.001621684,0.001621684
MD_CSFRH,0.001256011,0.001256011,0.001256011
MD_TotalLHProportionalToTotalBilateral,1.028266083,1.028266083,1.028266083
MD_TotalRHProportionaToTotalBilateral,0.966732613,0.966732613,0.966732613
MD_LanguageTractsBilateralProportionalToTotalBilateral,0.633771705,0.633771705,0.633771705
MD_LanguageTractsLHProportionalToLanguageTractsBilateral,1.03741306,1.03741306,1.03741306
MD_LanguageTractsRHProportionalToLanguageTractsBilateral,0.96258694,0.96258694,0.96258694
MD_DorsalBilateralProportionalToTotalBilateral,1.010832255,1.010832255,1.010832255
MD_DorsalLHProportionalToDorsalBilateral,1.020248801,1.020248801,1.020248801
MD_DorsalRHProportionalToDorsalBilateral,0.979751199,0.979751199,0.979751199
MD_VentrallBilateralProportionalToTotalBilateral,0.98125127,0.98125127,0.98125127
MD_VentralLHProportionalToVentralBilateral,1.044969757,1.044969757,1.044969757
MD_VentralRHProportionalToVentralBilateral,0.955030243,0.955030243,0.955030243
MD_GreyMatterBilateralProportionalToTotalBilateral,0.991866464,0.991866464,0.991866464
MD_GreyMatterLHProportionalToGreyMatterBilateral,1.028514563,1.028514563,1.028514563
MD_GreyMatterRHProportionalToGreyMatterBilateral,0.971485437,0.971485437,0.971485437
MD_WhiteMatterBilateralProportionalToTotalBilateral,0.921298874,0.921298874,0.921298874
MD_WhiteMatterLHProportionalToWMBilateral,1.010668219,1.010668219,1.010668219
MD_WhiteMatterRHProportionalToWMBilateral,0.989331781,0.989331781,0.989331781
MD_CSFBilateralProportionalToTotalBilateral,1.567851414,1.567851414,1.567851414
MD_CSFLHProportionalToCSFBilateral,1.134096809,1.134096809,1.134096809
MD_CSFRHProportionalToCSFBilateral,0.878369789,0.878369789,0.878369789
FC_IntrahemisphericLH,NaN,NaN,NaN
FC_IntrahemisphericRH,NaN,NaN,NaN
FC_Total(Bilateral),NaN,NaN,NaN
FC_Interhemispheric,NaN,NaN,NaN
FC_VentralBilateral,NaN,NaN,NaN
FC_VentralIntrahemisphericLH,NaN,NaN,NaN
FC_VentralIntrahemisphericRH,NaN,NaN,NaN
FC_VentralInterhemispheric,NaN,NaN,NaN
FC_DorsalBilateral,NaN,NaN,NaN
FC_DorsalIntrahemisphericLH,NaN,NaN,NaN
FC_DorsalIntrahemisphericRH,NaN,NaN,NaN
FC_DorsalToVentralBilateral,NaN,NaN,NaN
FC_DorsalToVentralIntrahemisphericLH,NaN,NaN,NaN
FC_DorsalToVentralIntrahemisphericRH,NaN,NaN,NaN
FC_IntrahemisphericLHProportionalToTotal,NaN,NaN,NaN
FC_IntrahemisphericRHProportionalToTotal,NaN,NaN,NaN
FC_VentralIntrahemisphericLHProportionalToVentralBilateral,NaN,NaN,NaN
FC_VentralIntrahemisphericRHProportionalToVentralBilateral,NaN,NaN,NaN
FC_DorsalIntrahemisphericLHProportionalToDorsalBilateral,NaN,NaN,NaN
FC_DorsalIntrahemisphericRHProportionalToDorsalBilateral,NaN,NaN,NaN
FC_DorsalToVentralIntrahemisphericLHProportionalToDorsalToVentralBilateral,NaN,NaN,NaN
FC_DorsalToVentralIntrahemisphericRHProportionalToDorsalToVentralBilateral,NaN,NaN,NaN
SC_IntrahemisphericLH,8.047206694,8.047206694,8.047206694
SC_IntrahemisphericRH,8.635541712,8.635541712,8.635541712
SC_Total(Bilateral),6.613009492,6.613009492,6.613009492
SC_Interhemispheric,5.495223247,5.495223247,5.495223247
SC_VentralBilateral,7.18961158,7.18961158,7.18961158
SC_VentralIntrahemisphericLH,13.33042092,13.33042092,13.33042092
SC_VentralIntrahemisphericRH,17.05840076,17.05840076,17.05840076
SC_VentralInterhemispheric,0.914127793,0.914127793,0.914127793
SC_DorsalBilateral,22.03085967,22.03085967,22.03085967
SC_DorsalIntrahemisphericLH,20.4700999,20.4700999,20.4700999
SC_DorsalIntrahemisphericRH,21.76553808,21.76553808,21.76553808
SC_DorsalToVentralBilateral,4.377041264,4.377041264,4.377041264
SC_DorsalToVentralIntrahemisphericLH,7.504481348,7.504481348,7.504481348
SC_DorsalToVentralIntrahemisphericRH,8.148229426,8.148229426,8.148229426
SC_IntrahemisphericLHProportionalToTotal,1.216875116,1.216875116,1.216875116
SC_IntrahemisphericRHProportionalToTotal,1.305841421,1.305841421,1.305841421
SC_VentralIntrahemisphericLHProportionalToVentralBilateral,1.854122545,1.854122545,1.854122545
SC_VentralIntrahemisphericRHProportionalToVentralBilateral,2.372645666,2.372645666,2.372645666
SC_DorsalIntrahemisphericLHProportionalToDorsalBilateral,0.929155748,0.929155748,0.929155748
SC_DorsalIntrahemisphericRHProportionalToDorsalBilateral,0.987956821,0.987956821,0.987956821
SC_DorsalToVentralIntrahemisphericLHProportionalToDorsalToVentralBilateral,1.714510075,1.714510075,1.714510075
SC_DorsalToVentralIntrahemisphericRHProportionalToDorsalToVentralBilateral,1.861583872,1.861583872,1.861583872
WAB_AphasiaQuotient,89.9,89.9,89.9
NIHStrokeSeverity,0,0,0
FluentVsNonFluent,2,2,2
Sex,1,1,1
MonthsPostOnset,61,61,61
ChronologicalAgeDuringStroke,33,33,33
ChronologicalAge,38,38,38
Depression,2,2,2
AntidepressantUsage,1,1,1
Diabetes,1,1,1
Education,18,18,18
ExerciseBeforeStroke,3,3,3
ExerciseAfterStroke,4,4,4
ReceivedTreatmentOrder,2,2,2
ASRS_AphasiaSeverity,1,1,1
ASRS_ApraxiaOfSpeechSeverity,0,0,0
ASRS_DysarthriaSeverity,0,0,0
ASRS_ApraxiaOfSpeech,1,1,1
ASRS_Dysarthria,1,1,1
WAIS,22,22,22
PyramidsAndPalmTrees,46,46,46
KissingAndDancingTest,48,48,48
PhiladelphiaRepetitionTask_Correct,172,172,172
Naming40_CorrectResponses,37,37,37
Naming40_SelfCorrectResponses,0,0,0
Naming40_SemanticErrors,3,3,3
Naming40_PhonemicErrors,0,0,0
NAVS_VerbNaming_Test,18,18,18
NAVS_VerbComprehensionTest,22,22,22
NAVS_ASPT_ArgumentStructure,28,28,28
NAVS_ArgumentStructureProductionTest,32,32,32
NAVS_SentenceProductionPrimingTask,30,30,30
NAVS_SentenceComprehensionTest,30,30,30
TALSA_RhymeJudgement_W5SF,15,15,15
TALSA_RhymeJudgement_W5SU,20,20,20
TALSA_RhymeJudgement_NW5SF,13,13,13
TALSA_RhymeJudgement_NW5SU,20,20,20
TALSA_Triplet_A1_Total,15,15,15
TALSA_Triplet_A2Total,11,11,11
PALPA_1,64,64,64
PALPA_2,69,69,69
PALPA_8,22,22,22
PALPA_14,12,12,12
PALPA_15,55,55,55
PALPA_16_words,27,27,27
PALPA_16_nonwords,12,12,12
PALPA_17_words,26,26,26
PALPA_17_nonwords,13,13,13
MeanLengthOfUtterance_Cinderella_Baseline,10.7,10.7,10.7
TypeTokenRatio_Cinderella_Baseline,0.528,0.528,0.528
WordsPerMinute_Cinderella_Baseline,67.5,67.5,67.5
VerbsPerUtterance_Cinderella_Baseline,1.9,1.9,1.9
PercentWordErrors_Cinderella_Baseline,0.901,0.901,0.901
PropositionalDensity_Cinderella_Baseline,0.491,0.491,0.491
NounVerbRatio_Cinderella_Baseline,1.1,1.1,1.1
OpenClosedClassRatio_Cinderella_Baseline,0.929,0.929,0.929
PhonologicalErrorsPerWord_Cinderella_Baseline,0,0,0
SemanticErrorsPerWord_Cinderella_Baseline,0.009174312,0.009174312,0.009174312
UnrelatedErrorsPerWord_Cinderella_Baseline,0,0,0
TotalLesionVolume,3060,3060,3060
ProportionalBrainAgeDifference,-0.148823684,-0.148823684,-0.148823684
WAB_SpontaneousSpeech,18,18,18
WAB_AuditoryComprehension,9.35,9.35,9.35
WAB_Repetition,8.9,8.9,8.9
WAB_Naming,8.7,8.7,8.7
fMRI_ParietalLesionDilated3mmTo6mm,NaN,NaN,NaN
fMRI_ParietalLesionDilated6mmTo9mm,NaN,NaN,NaN
fMRI_ParietalLesionDilated9mmTo12mm,NaN,NaN,NaN
fMRI_ParietalLesionDilated12mmTo15mm,NaN,NaN,NaN
fMRI_TemporalLesionDilated3mmTo6mm,NaN,NaN,NaN
fMRI_TemporalLesionDilated6mmTo9mm,NaN,NaN,NaN
fMRI_TemporalLesionDilated9mmTo12mm,0.570445455,0.570445455,0.570445455
fMRI_TemporalLesionDilated12mmTo15mm,0.931928744,0.931928744,0.931928744
fMRI_FrontalLesionDilated3mmTo6mm,0.241973912,0.241973912,0.241973912
fMRI_FrontalLesionDilated6mmTo9mm,0.285022044,0.285022044,0.285022044
fMRI_FrontalLesionDilated9mmTo12mm,0.500523067,0.500523067,0.500523067
fMRI_FrontalLesionDilated12mmTo15mm,0.678621012,0.678621012,0.678621012
WAB_MildSeverity,1,1,1
WAB_ModerateMildSeverity,0,0,0
WAB_ModerateSevereSeverity,0,0,0
WAB_SevereSeverity,0,0,0
AphasiaType_Anomia,1,1,1
AphasiaType_Broca's,0,0,0
AphasiaType_Conduction,0,0,0
AphasiaType_Global,0,0,0
AphasiaType_TransCortialMotor,0,0,0
AphasiaType_Wernicke's,0,0,0
StrokeType_Hemorrhagic,0,0,0
StrokeType_Ischemic,1,1,1
StrokeType_Unconventional,0,0,0
Race_AfricanAmerican,0,0,0
Race_Asian,0,0,0
Race_White,1,1,1
Handedness_Ambidextrous,0,0,0
Handedness_Left,0,0,0
Handedness_Right,1,1,1
